34729,create,,1558430842
34730,create,,1558430843
34729,pay,sd76f87d6,1558430844
34730,pay,3hu3k2432,1558430845
34731,create,,1558430846
34731,pay,35jue34we,1558430849
34732,create,,1558430852
34733,create,,1558430855
34734,create,,1558430859
34732,pay,32h3h4b4t,1558430861
34735,create,,1558430862
34734,pay,435kjb45d,1558430863
34733,pay,766lk5nk4,1558430864
34736,create,,1558430866
34737,create,,1558430868
34735,pay,5k432k4n,1558430869
34738,create,,1558430871
34739,create,,1558430874
34736,pay,435kjb45s,1558430875
34740,create,,1558430877